source,meal,party,duration_min
synthetic,rice,1,20.3
synthetic,rice,1,25.13
synthetic,rice,1,24.59
synthetic,rice,1,26.24
synthetic,rice,1,23.41
synthetic,rice,1,21.33
synthetic,rice,1,20.05
synthetic,rice,1,24.98
synthetic,rice,1,26.33
synthetic,rice,1,16.22
synthetic,rice,1,12.58
synthetic,rice,1,15.9
synthetic,rice,1,21.1
synthetic,rice,1,21.69
synthetic,rice,1,24.01
synthetic,rice,1,25.12
synthetic,rice,1,19.92
synthetic,rice,1,24.85
synthetic,rice,1,26.02
synthetic,rice,1,27.96
synthetic,rice,1,23.82
synthetic,rice,1,20.27
synthetic,rice,1,19.96
synthetic,rice,1,35.78
synthetic,rice,1,19.63
synthetic,rice,1,15.08
synthetic,rice,1,21.57
synthetic,rice,1,17.42
synthetic,rice,1,21.09
synthetic,rice,1,17.93
synthetic,rice,1,18.34
synthetic,rice,1,21.46
synthetic,rice,1,22.01
synthetic,rice,1,16.71
synthetic,rice,1,21.05
synthetic,rice,1,22.82
synthetic,rice,1,15.53
synthetic,rice,1,16.45
synthetic,rice,1,19.46
synthetic,rice,1,21.71
synthetic,rice,1,13.4
synthetic,rice,1,12.2
synthetic,rice,1,23.64
synthetic,rice,1,19.23
synthetic,rice,1,21.28
synthetic,rice,1,12.53
synthetic,rice,1,24.06
synthetic,rice,1,20.34
synthetic,rice,1,29.81
synthetic,rice,1,21.13
synthetic,rice,1,24.99
synthetic,rice,1,19.51
synthetic,rice,1,10.42
synthetic,rice,1,15.16
synthetic,rice,1,20.56
synthetic,rice,1,25.19
synthetic,rice,1,29.38
synthetic,rice,1,22.0
synthetic,rice,1,20.18
synthetic,rice,1,20.81
synthetic,rice,1,23.08
synthetic,rice,1,25.21
synthetic,rice,1,21.0
synthetic,rice,1,26.48
synthetic,rice,1,24.3
synthetic,rice,1,20.08
synthetic,rice,1,16.79
synthetic,rice,1,27.0
synthetic,rice,1,27.37
synthetic,rice,1,18.71
synthetic,rice,1,27.34
synthetic,rice,1,16.41
synthetic,rice,1,14.34
synthetic,rice,1,17.62
synthetic,rice,1,23.33
synthetic,rice,1,21.64
synthetic,rice,1,27.92
synthetic,rice,1,14.62
synthetic,rice,1,23.56
synthetic,rice,1,24.26
synthetic,rice,1,16.22
synthetic,rice,1,32.2
synthetic,rice,1,24.86
synthetic,rice,1,26.3
synthetic,rice,1,15.86
synthetic,rice,1,16.18
synthetic,rice,1,17.53
synthetic,rice,1,9.32
synthetic,rice,1,26.37
synthetic,rice,1,21.1
synthetic,rice,1,25.25
synthetic,rice,1,20.83
synthetic,rice,1,22.29
synthetic,rice,1,22.56
synthetic,rice,1,17.64
synthetic,rice,1,19.34
synthetic,rice,1,16.62
synthetic,rice,1,24.75
synthetic,rice,1,19.35
synthetic,rice,1,24.3
synthetic,rice,2,22.44
synthetic,rice,2,25.12
synthetic,rice,2,30.5
synthetic,rice,2,25.28
synthetic,rice,2,26.62
synthetic,rice,2,20.52
synthetic,rice,2,18.5
synthetic,rice,2,24.04
synthetic,rice,2,18.2
synthetic,rice,2,25.69
synthetic,rice,2,20.0
synthetic,rice,2,16.66
synthetic,rice,2,23.64
synthetic,rice,2,22.55
synthetic,rice,2,12.23
synthetic,rice,2,22.45
synthetic,rice,2,18.3
synthetic,rice,2,20.89
synthetic,rice,2,29.95
synthetic,rice,2,20.08
synthetic,rice,2,13.56
synthetic,rice,2,24.23
synthetic,rice,2,27.95
synthetic,rice,2,20.88
synthetic,rice,2,20.92
synthetic,rice,2,30.75
synthetic,rice,2,28.75
synthetic,rice,2,26.12
synthetic,rice,2,22.74
synthetic,rice,2,28.62
synthetic,rice,2,16.44
synthetic,rice,2,23.71
synthetic,rice,2,25.14
synthetic,rice,2,21.51
synthetic,rice,2,22.27
synthetic,rice,2,16.94
synthetic,rice,2,21.78
synthetic,rice,2,18.14
synthetic,rice,2,23.35
synthetic,rice,2,20.61
synthetic,rice,2,31.95
synthetic,rice,2,22.79
synthetic,rice,2,22.29
synthetic,rice,2,18.84
synthetic,rice,2,17.57
synthetic,rice,2,22.71
synthetic,rice,2,30.38
synthetic,rice,2,12.55
synthetic,rice,2,26.77
synthetic,rice,2,18.48
synthetic,rice,2,26.61
synthetic,rice,2,22.89
synthetic,rice,2,19.64
synthetic,rice,2,21.19
synthetic,rice,2,26.24
synthetic,rice,2,10.69
synthetic,rice,2,26.56
synthetic,rice,2,26.55
synthetic,rice,2,22.18
synthetic,rice,2,22.33
synthetic,rice,2,18.91
synthetic,rice,2,21.38
synthetic,rice,2,22.17
synthetic,rice,2,25.68
synthetic,rice,2,15.31
synthetic,rice,2,19.96
synthetic,rice,2,17.9
synthetic,rice,2,26.2
synthetic,rice,2,21.32
synthetic,rice,2,25.65
synthetic,rice,2,21.15
synthetic,rice,2,22.12
synthetic,rice,2,22.04
synthetic,rice,2,21.54
synthetic,rice,2,29.56
synthetic,rice,2,14.07
synthetic,rice,2,19.28
synthetic,rice,2,23.75
synthetic,rice,2,22.04
synthetic,rice,2,28.35
synthetic,rice,2,27.37
synthetic,rice,2,20.55
synthetic,rice,2,15.14
synthetic,rice,2,27.35
synthetic,rice,2,20.96
synthetic,rice,2,20.62
synthetic,rice,2,20.42
synthetic,rice,2,21.33
synthetic,rice,2,26.26
synthetic,rice,2,13.8
synthetic,rice,2,23.19
synthetic,rice,2,24.0
synthetic,rice,2,19.73
synthetic,rice,2,27.84
synthetic,rice,2,20.7
synthetic,rice,2,22.69
synthetic,rice,2,27.86
synthetic,rice,2,27.24
synthetic,rice,2,22.93
synthetic,rice,2,24.77
synthetic,rice,3,18.87
synthetic,rice,3,17.06
synthetic,rice,3,24.22
synthetic,rice,3,21.95
synthetic,rice,3,16.77
synthetic,rice,3,30.09
synthetic,rice,3,30.59
synthetic,rice,3,18.47
synthetic,rice,3,21.85
synthetic,rice,3,37.12
synthetic,rice,3,24.5
synthetic,rice,3,20.28
synthetic,rice,3,23.06
synthetic,rice,3,27.78
synthetic,rice,3,25.97
synthetic,rice,3,25.86
synthetic,rice,3,24.33
synthetic,rice,3,25.43
synthetic,rice,3,26.74
synthetic,rice,3,30.82
synthetic,rice,3,29.22
synthetic,rice,3,20.71
synthetic,rice,3,21.4
synthetic,rice,3,29.11
synthetic,rice,3,16.08
synthetic,rice,3,14.71
synthetic,rice,3,30.38
synthetic,rice,3,17.07
synthetic,rice,3,19.61
synthetic,rice,3,21.82
synthetic,rice,3,13.7
synthetic,rice,3,26.61
synthetic,rice,3,24.89
synthetic,rice,3,31.18
synthetic,rice,3,26.94
synthetic,rice,3,20.95
synthetic,rice,3,30.96
synthetic,rice,3,19.71
synthetic,rice,3,18.89
synthetic,rice,3,22.91
synthetic,rice,3,26.86
synthetic,rice,3,24.61
synthetic,rice,3,19.97
synthetic,rice,3,26.98
synthetic,rice,3,21.4
synthetic,rice,3,23.01
synthetic,rice,3,23.91
synthetic,rice,3,21.15
synthetic,rice,3,28.74
synthetic,rice,3,17.16
synthetic,rice,3,31.57
synthetic,rice,3,27.93
synthetic,rice,3,27.76
synthetic,rice,3,28.19
synthetic,rice,3,22.58
synthetic,rice,3,27.69
synthetic,rice,3,26.32
synthetic,rice,3,24.71
synthetic,rice,3,12.76
synthetic,rice,3,25.66
synthetic,rice,3,22.43
synthetic,rice,3,21.08
synthetic,rice,3,30.06
synthetic,rice,3,29.62
synthetic,rice,3,32.12
synthetic,rice,3,21.71
synthetic,rice,3,16.63
synthetic,rice,3,12.93
synthetic,rice,3,23.45
synthetic,rice,3,23.04
synthetic,rice,3,23.46
synthetic,rice,3,26.48
synthetic,rice,3,24.65
synthetic,rice,3,37.66
synthetic,rice,3,22.62
synthetic,rice,3,22.88
synthetic,rice,3,22.83
synthetic,rice,3,21.69
synthetic,rice,3,19.7
synthetic,rice,3,25.85
synthetic,rice,3,17.74
synthetic,rice,3,25.46
synthetic,rice,3,20.43
synthetic,rice,3,19.68
synthetic,rice,3,15.94
synthetic,rice,3,19.96
synthetic,rice,3,25.29
synthetic,rice,3,28.32
synthetic,rice,3,25.56
synthetic,rice,3,19.7
synthetic,rice,3,22.9
synthetic,rice,3,28.52
synthetic,rice,3,28.43
synthetic,rice,3,32.49
synthetic,rice,3,24.72
synthetic,rice,3,27.34
synthetic,rice,3,30.21
synthetic,rice,3,18.42
synthetic,rice,3,25.63
synthetic,rice,3,11.71
synthetic,rice,4,22.4
synthetic,rice,4,24.37
synthetic,rice,4,32.98
synthetic,rice,4,26.61
synthetic,rice,4,22.86
synthetic,rice,4,23.8
synthetic,rice,4,21.43
synthetic,rice,4,21.0
synthetic,rice,4,27.07
synthetic,rice,4,17.19
synthetic,rice,4,19.72
synthetic,rice,4,29.16
synthetic,rice,4,21.97
synthetic,rice,4,31.36
synthetic,rice,4,27.82
synthetic,rice,4,29.21
synthetic,rice,4,15.53
synthetic,rice,4,22.06
synthetic,rice,4,18.26
synthetic,rice,4,20.9
synthetic,rice,4,21.96
synthetic,rice,4,26.64
synthetic,rice,4,27.45
synthetic,rice,4,26.19
synthetic,rice,4,27.64
synthetic,rice,4,22.98
synthetic,rice,4,28.2
synthetic,rice,4,22.14
synthetic,rice,4,28.13
synthetic,rice,4,21.57
synthetic,rice,4,21.47
synthetic,rice,4,33.53
synthetic,rice,4,30.34
synthetic,rice,4,19.16
synthetic,rice,4,32.33
synthetic,rice,4,32.4
synthetic,rice,4,31.74
synthetic,rice,4,24.78
synthetic,rice,4,29.04
synthetic,rice,4,22.2
synthetic,rice,4,30.72
synthetic,rice,4,35.3
synthetic,rice,4,22.14
synthetic,rice,4,22.64
synthetic,rice,4,25.43
synthetic,rice,4,25.74
synthetic,rice,4,28.75
synthetic,rice,4,33.96
synthetic,rice,4,15.26
synthetic,rice,4,27.47
synthetic,rice,4,25.87
synthetic,rice,4,22.73
synthetic,rice,4,19.5
synthetic,rice,4,15.77
synthetic,rice,4,23.63
synthetic,rice,4,19.64
synthetic,rice,4,29.9
synthetic,rice,4,26.88
synthetic,rice,4,22.9
synthetic,rice,4,22.72
synthetic,rice,4,20.61
synthetic,rice,4,28.51
synthetic,rice,4,22.16
synthetic,rice,4,21.32
synthetic,rice,4,22.41
synthetic,rice,4,28.83
synthetic,rice,4,31.95
synthetic,rice,4,17.02
synthetic,rice,4,16.4
synthetic,rice,4,30.62
synthetic,rice,4,26.57
synthetic,rice,4,26.78
synthetic,rice,4,18.93
synthetic,rice,4,31.47
synthetic,rice,4,14.34
synthetic,rice,4,21.92
synthetic,rice,4,29.66
synthetic,rice,4,24.86
synthetic,rice,4,18.1
synthetic,rice,4,33.59
synthetic,rice,4,28.63
synthetic,rice,4,29.89
synthetic,rice,4,18.26
synthetic,rice,4,22.49
synthetic,rice,4,30.07
synthetic,rice,4,33.05
synthetic,rice,4,31.37
synthetic,rice,4,19.65
synthetic,rice,4,19.83
synthetic,rice,4,27.0
synthetic,rice,4,18.64
synthetic,rice,4,25.31
synthetic,rice,4,29.36
synthetic,rice,4,19.3
synthetic,rice,4,23.02
synthetic,rice,4,18.8
synthetic,rice,4,28.86
synthetic,rice,4,31.0
synthetic,rice,4,23.64
synthetic,rice,4,26.71
synthetic,rice,5,29.29
synthetic,rice,5,25.49
synthetic,rice,5,27.97
synthetic,rice,5,26.54
synthetic,rice,5,27.19
synthetic,rice,5,35.43
synthetic,rice,5,20.32
synthetic,rice,5,32.83
synthetic,rice,5,29.24
synthetic,rice,5,31.62
synthetic,rice,5,24.6
synthetic,rice,5,33.89
synthetic,rice,5,28.06
synthetic,rice,5,22.8
synthetic,rice,5,24.03
synthetic,rice,5,28.67
synthetic,rice,5,28.96
synthetic,rice,5,18.24
synthetic,rice,5,29.99
synthetic,rice,5,28.93
synthetic,rice,5,17.75
synthetic,rice,5,30.43
synthetic,rice,5,29.67
synthetic,rice,5,34.84
synthetic,rice,5,23.45
synthetic,rice,5,32.55
synthetic,rice,5,26.36
synthetic,rice,5,25.36
synthetic,rice,5,22.9
synthetic,rice,5,24.17
synthetic,rice,5,25.96
synthetic,rice,5,30.31
synthetic,rice,5,26.2
synthetic,rice,5,32.34
synthetic,rice,5,32.96
synthetic,rice,5,21.57
synthetic,rice,5,28.5
synthetic,rice,5,26.05
synthetic,rice,5,20.64
synthetic,rice,5,26.0
synthetic,rice,5,26.29
synthetic,rice,5,24.64
synthetic,rice,5,28.11
synthetic,rice,5,27.55
synthetic,rice,5,23.21
synthetic,rice,5,36.57
synthetic,rice,5,20.31
synthetic,rice,5,28.63
synthetic,rice,5,25.81
synthetic,rice,5,25.11
synthetic,rice,5,27.33
synthetic,rice,5,30.02
synthetic,rice,5,22.47
synthetic,rice,5,25.27
synthetic,rice,5,30.41
synthetic,rice,5,24.97
synthetic,rice,5,26.07
synthetic,rice,5,30.58
synthetic,rice,5,23.77
synthetic,rice,5,30.46
synthetic,rice,5,35.34
synthetic,rice,5,16.52
synthetic,rice,5,26.0
synthetic,rice,5,24.18
synthetic,rice,5,24.59
synthetic,rice,5,28.97
synthetic,rice,5,19.11
synthetic,rice,5,36.04
synthetic,rice,5,28.62
synthetic,rice,5,32.42
synthetic,rice,5,21.48
synthetic,rice,5,21.99
synthetic,rice,5,29.56
synthetic,rice,5,28.28
synthetic,rice,5,23.11
synthetic,rice,5,30.62
synthetic,rice,5,24.43
synthetic,rice,5,18.76
synthetic,rice,5,26.18
synthetic,rice,5,33.64
synthetic,rice,5,23.77
synthetic,rice,5,25.15
synthetic,rice,5,28.83
synthetic,rice,5,29.32
synthetic,rice,5,28.59
synthetic,rice,5,26.46
synthetic,rice,5,37.57
synthetic,rice,5,31.71
synthetic,rice,5,32.79
synthetic,rice,5,33.1
synthetic,rice,5,27.12
synthetic,rice,5,27.69
synthetic,rice,5,27.61
synthetic,rice,5,26.45
synthetic,rice,5,22.67
synthetic,rice,5,22.64
synthetic,rice,5,28.31
synthetic,rice,5,21.08
synthetic,rice,5,28.38
synthetic,rice,5,29.61
synthetic,rice,6,22.78
synthetic,rice,6,32.61
synthetic,rice,6,33.24
synthetic,rice,6,23.99
synthetic,rice,6,23.24
synthetic,rice,6,23.88
synthetic,rice,6,25.87
synthetic,rice,6,24.42
synthetic,rice,6,30.21
synthetic,rice,6,29.43
synthetic,rice,6,34.9
synthetic,rice,6,31.03
synthetic,rice,6,27.56
synthetic,rice,6,21.95
synthetic,rice,6,30.8
synthetic,rice,6,21.71
synthetic,rice,6,31.44
synthetic,rice,6,26.65
synthetic,rice,6,27.08
synthetic,rice,6,34.89
synthetic,rice,6,32.41
synthetic,rice,6,30.93
synthetic,rice,6,24.37
synthetic,rice,6,22.92
synthetic,rice,6,27.76
synthetic,rice,6,28.92
synthetic,rice,6,28.12
synthetic,rice,6,34.2
synthetic,rice,6,23.91
synthetic,rice,6,31.68
synthetic,rice,6,32.32
synthetic,rice,6,36.76
synthetic,rice,6,24.45
synthetic,rice,6,31.46
synthetic,rice,6,29.48
synthetic,rice,6,30.19
synthetic,rice,6,30.56
synthetic,rice,6,33.51
synthetic,rice,6,26.47
synthetic,rice,6,31.13
synthetic,rice,6,29.84
synthetic,rice,6,38.61
synthetic,rice,6,30.39
synthetic,rice,6,28.66
synthetic,rice,6,32.39
synthetic,rice,6,27.99
synthetic,rice,6,31.6
synthetic,rice,6,26.64
synthetic,rice,6,29.9
synthetic,rice,6,28.03
synthetic,rice,6,21.75
synthetic,rice,6,35.7
synthetic,rice,6,19.94
synthetic,rice,6,30.77
synthetic,rice,6,32.2
synthetic,rice,6,23.62
synthetic,rice,6,31.82
synthetic,rice,6,27.1
synthetic,rice,6,26.01
synthetic,rice,6,32.73
synthetic,rice,6,23.92
synthetic,rice,6,29.33
synthetic,rice,6,27.06
synthetic,rice,6,24.18
synthetic,rice,6,30.98
synthetic,rice,6,22.62
synthetic,rice,6,31.88
synthetic,rice,6,29.71
synthetic,rice,6,34.37
synthetic,rice,6,31.11
synthetic,rice,6,24.28
synthetic,rice,6,26.68
synthetic,rice,6,25.37
synthetic,rice,6,28.84
synthetic,rice,6,25.76
synthetic,rice,6,21.98
synthetic,rice,6,23.56
synthetic,rice,6,26.57
synthetic,rice,6,26.14
synthetic,rice,6,33.74
synthetic,rice,6,29.06
synthetic,rice,6,23.19
synthetic,rice,6,25.46
synthetic,rice,6,36.65
synthetic,rice,6,23.76
synthetic,rice,6,35.13
synthetic,rice,6,31.43
synthetic,rice,6,27.45
synthetic,rice,6,29.83
synthetic,rice,6,27.77
synthetic,rice,6,27.04
synthetic,rice,6,11.77
synthetic,rice,6,31.32
synthetic,rice,6,20.13
synthetic,rice,6,27.74
synthetic,rice,6,20.25
synthetic,rice,6,39.13
synthetic,rice,6,22.45
synthetic,rice,6,22.75
synthetic,rice,6,26.18
synthetic,noodles,1,37.48
synthetic,noodles,1,26.98
synthetic,noodles,1,21.7
synthetic,noodles,1,27.06
synthetic,noodles,1,21.03
synthetic,noodles,1,24.45
synthetic,noodles,1,28.0
synthetic,noodles,1,25.61
synthetic,noodles,1,15.05
synthetic,noodles,1,26.0
synthetic,noodles,1,31.52
synthetic,noodles,1,28.01
synthetic,noodles,1,23.15
synthetic,noodles,1,27.05
synthetic,noodles,1,32.41
synthetic,noodles,1,23.24
synthetic,noodles,1,19.78
synthetic,noodles,1,22.03
synthetic,noodles,1,17.29
synthetic,noodles,1,20.92
synthetic,noodles,1,14.98
synthetic,noodles,1,27.84
synthetic,noodles,1,25.12
synthetic,noodles,1,27.35
synthetic,noodles,1,25.19
synthetic,noodles,1,29.17
synthetic,noodles,1,22.36
synthetic,noodles,1,27.44
synthetic,noodles,1,28.34
synthetic,noodles,1,18.13
synthetic,noodles,1,31.99
synthetic,noodles,1,21.22
synthetic,noodles,1,21.4
synthetic,noodles,1,27.67
synthetic,noodles,1,23.77
synthetic,noodles,1,21.15
synthetic,noodles,1,18.22
synthetic,noodles,1,15.16
synthetic,noodles,1,33.55
synthetic,noodles,1,21.58
synthetic,noodles,1,40.99
synthetic,noodles,1,19.47
synthetic,noodles,1,28.36
synthetic,noodles,1,24.29
synthetic,noodles,1,18.57
synthetic,noodles,1,17.82
synthetic,noodles,1,28.78
synthetic,noodles,1,20.09
synthetic,noodles,1,27.08
synthetic,noodles,1,22.79
synthetic,noodles,1,30.92
synthetic,noodles,1,36.82
synthetic,noodles,1,25.66
synthetic,noodles,1,25.09
synthetic,noodles,1,30.15
synthetic,noodles,1,25.96
synthetic,noodles,1,23.49
synthetic,noodles,1,25.33
synthetic,noodles,1,20.62
synthetic,noodles,1,31.06
synthetic,noodles,1,21.39
synthetic,noodles,1,19.12
synthetic,noodles,1,30.67
synthetic,noodles,1,31.03
synthetic,noodles,1,27.65
synthetic,noodles,1,23.19
synthetic,noodles,1,33.55
synthetic,noodles,1,25.61
synthetic,noodles,1,19.97
synthetic,noodles,1,26.07
synthetic,noodles,1,19.2
synthetic,noodles,1,24.83
synthetic,noodles,1,33.73
synthetic,noodles,1,25.09
synthetic,noodles,1,25.88
synthetic,noodles,1,21.15
synthetic,noodles,1,16.9
synthetic,noodles,1,24.67
synthetic,noodles,1,30.8
synthetic,noodles,1,29.89
synthetic,noodles,1,28.12
synthetic,noodles,1,22.83
synthetic,noodles,1,28.94
synthetic,noodles,1,22.35
synthetic,noodles,1,15.57
synthetic,noodles,1,21.06
synthetic,noodles,1,23.65
synthetic,noodles,1,22.24
synthetic,noodles,1,26.41
synthetic,noodles,1,29.65
synthetic,noodles,1,23.43
synthetic,noodles,1,27.67
synthetic,noodles,1,22.93
synthetic,noodles,1,24.56
synthetic,noodles,1,18.62
synthetic,noodles,1,31.09
synthetic,noodles,1,29.4
synthetic,noodles,1,21.43
synthetic,noodles,1,22.09
synthetic,noodles,1,27.56
synthetic,noodles,2,21.47
synthetic,noodles,2,20.09
synthetic,noodles,2,28.74
synthetic,noodles,2,31.15
synthetic,noodles,2,35.61
synthetic,noodles,2,25.71
synthetic,noodles,2,32.43
synthetic,noodles,2,25.26
synthetic,noodles,2,18.55
synthetic,noodles,2,25.94
synthetic,noodles,2,20.92
synthetic,noodles,2,19.47
synthetic,noodles,2,30.76
synthetic,noodles,2,32.03
synthetic,noodles,2,25.07
synthetic,noodles,2,30.27
synthetic,noodles,2,20.26
synthetic,noodles,2,33.29
synthetic,noodles,2,24.66
synthetic,noodles,2,35.44
synthetic,noodles,2,26.54
synthetic,noodles,2,30.69
synthetic,noodles,2,30.19
synthetic,noodles,2,26.89
synthetic,noodles,2,38.44
synthetic,noodles,2,30.2
synthetic,noodles,2,26.3
synthetic,noodles,2,26.89
synthetic,noodles,2,37.75
synthetic,noodles,2,28.58
synthetic,noodles,2,27.02
synthetic,noodles,2,27.19
synthetic,noodles,2,28.38
synthetic,noodles,2,30.67
synthetic,noodles,2,30.66
synthetic,noodles,2,36.17
synthetic,noodles,2,22.23
synthetic,noodles,2,36.61
synthetic,noodles,2,24.43
synthetic,noodles,2,25.88
synthetic,noodles,2,16.33
synthetic,noodles,2,30.53
synthetic,noodles,2,18.05
synthetic,noodles,2,22.45
synthetic,noodles,2,28.79
synthetic,noodles,2,28.56
synthetic,noodles,2,30.52
synthetic,noodles,2,25.3
synthetic,noodles,2,24.71
synthetic,noodles,2,27.51
synthetic,noodles,2,15.42
synthetic,noodles,2,20.79
synthetic,noodles,2,23.77
synthetic,noodles,2,38.33
synthetic,noodles,2,30.91
synthetic,noodles,2,28.52
synthetic,noodles,2,27.23
synthetic,noodles,2,27.97
synthetic,noodles,2,22.58
synthetic,noodles,2,20.09
synthetic,noodles,2,29.27
synthetic,noodles,2,32.39
synthetic,noodles,2,25.01
synthetic,noodles,2,24.25
synthetic,noodles,2,37.48
synthetic,noodles,2,34.01
synthetic,noodles,2,31.63
synthetic,noodles,2,29.81
synthetic,noodles,2,29.83
synthetic,noodles,2,34.74
synthetic,noodles,2,20.69
synthetic,noodles,2,28.16
synthetic,noodles,2,26.84
synthetic,noodles,2,28.17
synthetic,noodles,2,20.51
synthetic,noodles,2,26.98
synthetic,noodles,2,19.24
synthetic,noodles,2,31.2
synthetic,noodles,2,29.76
synthetic,noodles,2,28.31
synthetic,noodles,2,30.99
synthetic,noodles,2,23.31
synthetic,noodles,2,23.93
synthetic,noodles,2,23.29
synthetic,noodles,2,28.61
synthetic,noodles,2,28.58
synthetic,noodles,2,36.97
synthetic,noodles,2,28.07
synthetic,noodles,2,34.93
synthetic,noodles,2,34.32
synthetic,noodles,2,13.93
synthetic,noodles,2,19.04
synthetic,noodles,2,25.89
synthetic,noodles,2,22.54
synthetic,noodles,2,30.4
synthetic,noodles,2,22.27
synthetic,noodles,2,29.67
synthetic,noodles,2,25.26
synthetic,noodles,2,25.26
synthetic,noodles,2,33.2
synthetic,noodles,3,30.45
synthetic,noodles,3,29.93
synthetic,noodles,3,24.8
synthetic,noodles,3,30.9
synthetic,noodles,3,22.23
synthetic,noodles,3,29.1
synthetic,noodles,3,16.97
synthetic,noodles,3,19.28
synthetic,noodles,3,26.64
synthetic,noodles,3,28.43
synthetic,noodles,3,25.62
synthetic,noodles,3,28.02
synthetic,noodles,3,29.76
synthetic,noodles,3,29.72
synthetic,noodles,3,23.28
synthetic,noodles,3,21.52
synthetic,noodles,3,33.3
synthetic,noodles,3,31.8
synthetic,noodles,3,30.32
synthetic,noodles,3,29.16
synthetic,noodles,3,21.34
synthetic,noodles,3,24.3
synthetic,noodles,3,25.13
synthetic,noodles,3,28.85
synthetic,noodles,3,33.3
synthetic,noodles,3,33.75
synthetic,noodles,3,27.92
synthetic,noodles,3,35.42
synthetic,noodles,3,25.65
synthetic,noodles,3,25.76
synthetic,noodles,3,33.15
synthetic,noodles,3,35.69
synthetic,noodles,3,29.49
synthetic,noodles,3,29.84
synthetic,noodles,3,33.44
synthetic,noodles,3,25.63
synthetic,noodles,3,25.8
synthetic,noodles,3,37.87
synthetic,noodles,3,29.84
synthetic,noodles,3,21.77
synthetic,noodles,3,36.08
synthetic,noodles,3,21.72
synthetic,noodles,3,34.71
synthetic,noodles,3,31.92
synthetic,noodles,3,32.74
synthetic,noodles,3,35.76
synthetic,noodles,3,26.79
synthetic,noodles,3,20.27
synthetic,noodles,3,29.17
synthetic,noodles,3,26.6
synthetic,noodles,3,26.48
synthetic,noodles,3,27.94
synthetic,noodles,3,27.16
synthetic,noodles,3,23.81
synthetic,noodles,3,31.95
synthetic,noodles,3,23.63
synthetic,noodles,3,23.94
synthetic,noodles,3,23.17
synthetic,noodles,3,32.82
synthetic,noodles,3,27.29
synthetic,noodles,3,27.4
synthetic,noodles,3,16.92
synthetic,noodles,3,22.31
synthetic,noodles,3,32.38
synthetic,noodles,3,31.72
synthetic,noodles,3,33.88
synthetic,noodles,3,26.66
synthetic,noodles,3,25.07
synthetic,noodles,3,33.13
synthetic,noodles,3,34.88
synthetic,noodles,3,28.72
synthetic,noodles,3,19.93
synthetic,noodles,3,23.6
synthetic,noodles,3,33.82
synthetic,noodles,3,24.09
synthetic,noodles,3,23.88
synthetic,noodles,3,30.01
synthetic,noodles,3,29.19
synthetic,noodles,3,30.87
synthetic,noodles,3,33.62
synthetic,noodles,3,30.02
synthetic,noodles,3,34.46
synthetic,noodles,3,17.46
synthetic,noodles,3,26.87
synthetic,noodles,3,27.97
synthetic,noodles,3,33.23
synthetic,noodles,3,33.14
synthetic,noodles,3,28.46
synthetic,noodles,3,34.42
synthetic,noodles,3,27.67
synthetic,noodles,3,29.07
synthetic,noodles,3,27.89
synthetic,noodles,3,31.12
synthetic,noodles,3,37.44
synthetic,noodles,3,33.45
synthetic,noodles,3,21.61
synthetic,noodles,3,20.77
synthetic,noodles,3,30.72
synthetic,noodles,3,26.58
synthetic,noodles,3,25.21
synthetic,noodles,4,35.6
synthetic,noodles,4,15.47
synthetic,noodles,4,17.97
synthetic,noodles,4,31.95
synthetic,noodles,4,36.58
synthetic,noodles,4,27.19
synthetic,noodles,4,36.02
synthetic,noodles,4,39.34
synthetic,noodles,4,28.43
synthetic,noodles,4,28.89
synthetic,noodles,4,28.71
synthetic,noodles,4,31.12
synthetic,noodles,4,25.02
synthetic,noodles,4,30.47
synthetic,noodles,4,28.11
synthetic,noodles,4,28.11
synthetic,noodles,4,37.27
synthetic,noodles,4,29.56
synthetic,noodles,4,34.01
synthetic,noodles,4,30.86
synthetic,noodles,4,32.29
synthetic,noodles,4,21.73
synthetic,noodles,4,24.03
synthetic,noodles,4,25.87
synthetic,noodles,4,30.04
synthetic,noodles,4,34.48
synthetic,noodles,4,28.1
synthetic,noodles,4,33.33
synthetic,noodles,4,27.16
synthetic,noodles,4,17.97
synthetic,noodles,4,26.91
synthetic,noodles,4,27.98
synthetic,noodles,4,31.9
synthetic,noodles,4,28.75
synthetic,noodles,4,34.94
synthetic,noodles,4,33.88
synthetic,noodles,4,16.95
synthetic,noodles,4,34.1
synthetic,noodles,4,36.26
synthetic,noodles,4,38.33
synthetic,noodles,4,25.9
synthetic,noodles,4,33.28
synthetic,noodles,4,27.8
synthetic,noodles,4,34.62
synthetic,noodles,4,30.49
synthetic,noodles,4,35.07
synthetic,noodles,4,27.94
synthetic,noodles,4,36.07
synthetic,noodles,4,37.33
synthetic,noodles,4,30.3
synthetic,noodles,4,27.42
synthetic,noodles,4,43.21
synthetic,noodles,4,30.05
synthetic,noodles,4,33.45
synthetic,noodles,4,26.4
synthetic,noodles,4,15.09
synthetic,noodles,4,36.15
synthetic,noodles,4,39.77
synthetic,noodles,4,28.61
synthetic,noodles,4,33.33
synthetic,noodles,4,33.89
synthetic,noodles,4,30.66
synthetic,noodles,4,21.1
synthetic,noodles,4,29.28
synthetic,noodles,4,25.22
synthetic,noodles,4,36.31
synthetic,noodles,4,34.86
synthetic,noodles,4,21.24
synthetic,noodles,4,30.14
synthetic,noodles,4,25.86
synthetic,noodles,4,33.16
synthetic,noodles,4,27.1
synthetic,noodles,4,25.04
synthetic,noodles,4,25.07
synthetic,noodles,4,25.33
synthetic,noodles,4,31.61
synthetic,noodles,4,30.92
synthetic,noodles,4,31.8
synthetic,noodles,4,43.08
synthetic,noodles,4,21.73
synthetic,noodles,4,24.98
synthetic,noodles,4,21.62
synthetic,noodles,4,27.48
synthetic,noodles,4,25.68
synthetic,noodles,4,28.33
synthetic,noodles,4,29.28
synthetic,noodles,4,26.9
synthetic,noodles,4,35.73
synthetic,noodles,4,37.53
synthetic,noodles,4,38.1
synthetic,noodles,4,30.2
synthetic,noodles,4,34.22
synthetic,noodles,4,33.53
synthetic,noodles,4,31.42
synthetic,noodles,4,26.69
synthetic,noodles,4,26.87
synthetic,noodles,4,32.73
synthetic,noodles,4,23.7
synthetic,noodles,4,30.37
synthetic,noodles,4,27.54
synthetic,noodles,5,31.21
synthetic,noodles,5,26.65
synthetic,noodles,5,22.24
synthetic,noodles,5,30.12
synthetic,noodles,5,33.79
synthetic,noodles,5,37.2
synthetic,noodles,5,35.06
synthetic,noodles,5,21.69
synthetic,noodles,5,25.93
synthetic,noodles,5,30.39
synthetic,noodles,5,32.13
synthetic,noodles,5,38.88
synthetic,noodles,5,32.29
synthetic,noodles,5,38.58
synthetic,noodles,5,29.24
synthetic,noodles,5,28.46
synthetic,noodles,5,33.6
synthetic,noodles,5,38.49
synthetic,noodles,5,22.77
synthetic,noodles,5,36.23
synthetic,noodles,5,31.28
synthetic,noodles,5,27.5
synthetic,noodles,5,33.72
synthetic,noodles,5,34.12
synthetic,noodles,5,26.31
synthetic,noodles,5,27.56
synthetic,noodles,5,15.17
synthetic,noodles,5,30.81
synthetic,noodles,5,33.01
synthetic,noodles,5,37.67
synthetic,noodles,5,30.49
synthetic,noodles,5,38.95
synthetic,noodles,5,38.27
synthetic,noodles,5,27.57
synthetic,noodles,5,28.48
synthetic,noodles,5,34.76
synthetic,noodles,5,33.26
synthetic,noodles,5,38.59
synthetic,noodles,5,31.09
synthetic,noodles,5,34.41
synthetic,noodles,5,20.51
synthetic,noodles,5,40.25
synthetic,noodles,5,26.2
synthetic,noodles,5,33.41
synthetic,noodles,5,25.03
synthetic,noodles,5,30.23
synthetic,noodles,5,27.33
synthetic,noodles,5,25.97
synthetic,noodles,5,26.99
synthetic,noodles,5,31.58
synthetic,noodles,5,31.23
synthetic,noodles,5,32.46
synthetic,noodles,5,25.18
synthetic,noodles,5,31.42
synthetic,noodles,5,24.37
synthetic,noodles,5,20.9
synthetic,noodles,5,34.62
synthetic,noodles,5,30.78
synthetic,noodles,5,23.84
synthetic,noodles,5,31.64
synthetic,noodles,5,35.3
synthetic,noodles,5,36.72
synthetic,noodles,5,32.44
synthetic,noodles,5,31.11
synthetic,noodles,5,34.96
synthetic,noodles,5,30.82
synthetic,noodles,5,38.07
synthetic,noodles,5,28.2
synthetic,noodles,5,35.81
synthetic,noodles,5,31.72
synthetic,noodles,5,22.89
synthetic,noodles,5,36.33
synthetic,noodles,5,33.43
synthetic,noodles,5,35.87
synthetic,noodles,5,38.08
synthetic,noodles,5,37.23
synthetic,noodles,5,30.85
synthetic,noodles,5,27.21
synthetic,noodles,5,24.43
synthetic,noodles,5,29.97
synthetic,noodles,5,25.84
synthetic,noodles,5,22.63
synthetic,noodles,5,31.39
synthetic,noodles,5,29.67
synthetic,noodles,5,17.69
synthetic,noodles,5,34.49
synthetic,noodles,5,34.62
synthetic,noodles,5,26.21
synthetic,noodles,5,32.39
synthetic,noodles,5,28.7
synthetic,noodles,5,20.62
synthetic,noodles,5,41.49
synthetic,noodles,5,35.71
synthetic,noodles,5,26.64
synthetic,noodles,5,24.92
synthetic,noodles,5,26.69
synthetic,noodles,5,27.89
synthetic,noodles,5,23.42
synthetic,noodles,5,22.51
synthetic,noodles,5,30.07
synthetic,noodles,6,31.6
synthetic,noodles,6,35.71
synthetic,noodles,6,35.15
synthetic,noodles,6,37.84
synthetic,noodles,6,25.88
synthetic,noodles,6,31.79
synthetic,noodles,6,25.97
synthetic,noodles,6,27.17
synthetic,noodles,6,31.59
synthetic,noodles,6,38.04
synthetic,noodles,6,36.1
synthetic,noodles,6,39.33
synthetic,noodles,6,31.14
synthetic,noodles,6,33.85
synthetic,noodles,6,40.37
synthetic,noodles,6,31.09
synthetic,noodles,6,34.45
synthetic,noodles,6,40.73
synthetic,noodles,6,34.8
synthetic,noodles,6,32.81
synthetic,noodles,6,27.96
synthetic,noodles,6,44.43
synthetic,noodles,6,34.76
synthetic,noodles,6,26.12
synthetic,noodles,6,33.16
synthetic,noodles,6,34.78
synthetic,noodles,6,33.21
synthetic,noodles,6,22.81
synthetic,noodles,6,28.63
synthetic,noodles,6,44.97
synthetic,noodles,6,33.38
synthetic,noodles,6,34.91
synthetic,noodles,6,33.35
synthetic,noodles,6,37.41
synthetic,noodles,6,30.4
synthetic,noodles,6,36.64
synthetic,noodles,6,31.21
synthetic,noodles,6,36.87
synthetic,noodles,6,28.09
synthetic,noodles,6,27.52
synthetic,noodles,6,41.98
synthetic,noodles,6,30.16
synthetic,noodles,6,34.54
synthetic,noodles,6,34.26
synthetic,noodles,6,39.22
synthetic,noodles,6,41.11
synthetic,noodles,6,37.97
synthetic,noodles,6,33.87
synthetic,noodles,6,35.27
synthetic,noodles,6,29.68
synthetic,noodles,6,32.26
synthetic,noodles,6,28.43
synthetic,noodles,6,36.9
synthetic,noodles,6,24.79
synthetic,noodles,6,25.45
synthetic,noodles,6,31.77
synthetic,noodles,6,31.87
synthetic,noodles,6,42.02
synthetic,noodles,6,29.91
synthetic,noodles,6,30.3
synthetic,noodles,6,36.08
synthetic,noodles,6,36.26
synthetic,noodles,6,32.83
synthetic,noodles,6,27.58
synthetic,noodles,6,27.5
synthetic,noodles,6,32.15
synthetic,noodles,6,35.25
synthetic,noodles,6,34.7
synthetic,noodles,6,39.1
synthetic,noodles,6,31.38
synthetic,noodles,6,35.83
synthetic,noodles,6,28.4
synthetic,noodles,6,37.36
synthetic,noodles,6,29.51
synthetic,noodles,6,39.55
synthetic,noodles,6,25.89
synthetic,noodles,6,39.05
synthetic,noodles,6,35.65
synthetic,noodles,6,30.11
synthetic,noodles,6,34.98
synthetic,noodles,6,30.34
synthetic,noodles,6,39.37
synthetic,noodles,6,25.81
synthetic,noodles,6,27.91
synthetic,noodles,6,33.62
synthetic,noodles,6,36.6
synthetic,noodles,6,31.81
synthetic,noodles,6,34.06
synthetic,noodles,6,24.07
synthetic,noodles,6,32.96
synthetic,noodles,6,26.47
synthetic,noodles,6,36.5
synthetic,noodles,6,31.63
synthetic,noodles,6,29.86
synthetic,noodles,6,31.54
synthetic,noodles,6,33.89
synthetic,noodles,6,28.03
synthetic,noodles,6,31.65
synthetic,noodles,6,38.93
synthetic,noodles,6,25.61
synthetic,cafe,1,29.97
synthetic,cafe,1,35.02
synthetic,cafe,1,29.37
synthetic,cafe,1,30.98
synthetic,cafe,1,41.78
synthetic,cafe,1,34.59
synthetic,cafe,1,36.86
synthetic,cafe,1,34.64
synthetic,cafe,1,29.73
synthetic,cafe,1,38.65
synthetic,cafe,1,34.53
synthetic,cafe,1,34.4
synthetic,cafe,1,30.38
synthetic,cafe,1,34.07
synthetic,cafe,1,38.69
synthetic,cafe,1,36.54
synthetic,cafe,1,35.62
synthetic,cafe,1,46.57
synthetic,cafe,1,30.7
synthetic,cafe,1,40.6
synthetic,cafe,1,39.96
synthetic,cafe,1,40.11
synthetic,cafe,1,36.02
synthetic,cafe,1,38.36
synthetic,cafe,1,39.31
synthetic,cafe,1,29.71
synthetic,cafe,1,37.91
synthetic,cafe,1,35.9
synthetic,cafe,1,33.64
synthetic,cafe,1,34.62
synthetic,cafe,1,39.5
synthetic,cafe,1,43.77
synthetic,cafe,1,41.45
synthetic,cafe,1,31.12
synthetic,cafe,1,45.19
synthetic,cafe,1,30.48
synthetic,cafe,1,35.22
synthetic,cafe,1,30.53
synthetic,cafe,1,35.76
synthetic,cafe,1,32.26
synthetic,cafe,1,27.41
synthetic,cafe,1,37.64
synthetic,cafe,1,45.5
synthetic,cafe,1,40.97
synthetic,cafe,1,35.55
synthetic,cafe,1,36.34
synthetic,cafe,1,30.35
synthetic,cafe,1,32.98
synthetic,cafe,1,34.96
synthetic,cafe,1,36.45
synthetic,cafe,1,36.82
synthetic,cafe,1,24.92
synthetic,cafe,1,39.45
synthetic,cafe,1,43.14
synthetic,cafe,1,37.73
synthetic,cafe,1,45.41
synthetic,cafe,1,34.24
synthetic,cafe,1,44.51
synthetic,cafe,1,29.97
synthetic,cafe,1,37.54
synthetic,cafe,1,34.35
synthetic,cafe,1,27.07
synthetic,cafe,1,36.02
synthetic,cafe,1,32.44
synthetic,cafe,1,32.77
synthetic,cafe,1,37.4
synthetic,cafe,1,41.91
synthetic,cafe,1,37.32
synthetic,cafe,1,35.39
synthetic,cafe,1,32.47
synthetic,cafe,1,49.15
synthetic,cafe,1,29.34
synthetic,cafe,1,30.18
synthetic,cafe,1,34.02
synthetic,cafe,1,33.37
synthetic,cafe,1,36.67
synthetic,cafe,1,37.19
synthetic,cafe,1,36.24
synthetic,cafe,1,41.89
synthetic,cafe,1,39.16
synthetic,cafe,1,29.11
synthetic,cafe,1,41.19
synthetic,cafe,1,45.09
synthetic,cafe,1,38.98
synthetic,cafe,1,39.79
synthetic,cafe,1,38.42
synthetic,cafe,1,36.72
synthetic,cafe,1,43.75
synthetic,cafe,1,38.69
synthetic,cafe,1,40.9
synthetic,cafe,1,38.21
synthetic,cafe,1,36.89
synthetic,cafe,1,40.95
synthetic,cafe,1,35.05
synthetic,cafe,1,32.5
synthetic,cafe,1,47.66
synthetic,cafe,1,25.88
synthetic,cafe,1,27.74
synthetic,cafe,1,34.35
synthetic,cafe,1,34.92
synthetic,cafe,2,35.92
synthetic,cafe,2,38.78
synthetic,cafe,2,42.27
synthetic,cafe,2,39.61
synthetic,cafe,2,25.68
synthetic,cafe,2,41.12
synthetic,cafe,2,33.59
synthetic,cafe,2,34.15
synthetic,cafe,2,34.01
synthetic,cafe,2,31.68
synthetic,cafe,2,41.84
synthetic,cafe,2,44.13
synthetic,cafe,2,38.66
synthetic,cafe,2,41.22
synthetic,cafe,2,40.74
synthetic,cafe,2,32.55
synthetic,cafe,2,34.83
synthetic,cafe,2,36.24
synthetic,cafe,2,40.19
synthetic,cafe,2,28.67
synthetic,cafe,2,44.49
synthetic,cafe,2,38.99
synthetic,cafe,2,37.01
synthetic,cafe,2,38.21
synthetic,cafe,2,36.84
synthetic,cafe,2,43.79
synthetic,cafe,2,40.49
synthetic,cafe,2,40.73
synthetic,cafe,2,29.77
synthetic,cafe,2,32.54
synthetic,cafe,2,37.95
synthetic,cafe,2,38.69
synthetic,cafe,2,40.72
synthetic,cafe,2,39.95
synthetic,cafe,2,33.84
synthetic,cafe,2,38.27
synthetic,cafe,2,34.76
synthetic,cafe,2,41.24
synthetic,cafe,2,37.87
synthetic,cafe,2,40.73
synthetic,cafe,2,38.53
synthetic,cafe,2,35.0
synthetic,cafe,2,39.84
synthetic,cafe,2,40.34
synthetic,cafe,2,35.91
synthetic,cafe,2,47.14
synthetic,cafe,2,33.85
synthetic,cafe,2,35.85
synthetic,cafe,2,27.77
synthetic,cafe,2,41.13
synthetic,cafe,2,42.52
synthetic,cafe,2,36.46
synthetic,cafe,2,40.96
synthetic,cafe,2,34.7
synthetic,cafe,2,39.4
synthetic,cafe,2,40.51
synthetic,cafe,2,35.31
synthetic,cafe,2,35.79
synthetic,cafe,2,30.58
synthetic,cafe,2,41.7
synthetic,cafe,2,30.99
synthetic,cafe,2,36.47
synthetic,cafe,2,44.82
synthetic,cafe,2,43.11
synthetic,cafe,2,33.02
synthetic,cafe,2,37.31
synthetic,cafe,2,41.35
synthetic,cafe,2,31.68
synthetic,cafe,2,40.38
synthetic,cafe,2,39.88
synthetic,cafe,2,35.11
synthetic,cafe,2,43.34
synthetic,cafe,2,39.81
synthetic,cafe,2,40.78
synthetic,cafe,2,38.72
synthetic,cafe,2,47.47
synthetic,cafe,2,28.03
synthetic,cafe,2,29.49
synthetic,cafe,2,32.8
synthetic,cafe,2,35.69
synthetic,cafe,2,40.11
synthetic,cafe,2,33.9
synthetic,cafe,2,43.36
synthetic,cafe,2,40.72
synthetic,cafe,2,43.0
synthetic,cafe,2,30.49
synthetic,cafe,2,37.38
synthetic,cafe,2,29.7
synthetic,cafe,2,39.12
synthetic,cafe,2,35.64
synthetic,cafe,2,34.14
synthetic,cafe,2,43.32
synthetic,cafe,2,42.02
synthetic,cafe,2,40.32
synthetic,cafe,2,32.78
synthetic,cafe,2,33.31
synthetic,cafe,2,40.64
synthetic,cafe,2,35.76
synthetic,cafe,2,41.1
synthetic,cafe,2,34.9
synthetic,cafe,3,34.64
synthetic,cafe,3,35.69
synthetic,cafe,3,45.06
synthetic,cafe,3,38.59
synthetic,cafe,3,46.64
synthetic,cafe,3,39.15
synthetic,cafe,3,41.22
synthetic,cafe,3,39.43
synthetic,cafe,3,36.34
synthetic,cafe,3,34.29
synthetic,cafe,3,46.9
synthetic,cafe,3,36.76
synthetic,cafe,3,43.37
synthetic,cafe,3,34.35
synthetic,cafe,3,38.18
synthetic,cafe,3,32.01
synthetic,cafe,3,40.76
synthetic,cafe,3,41.58
synthetic,cafe,3,39.33
synthetic,cafe,3,41.82
synthetic,cafe,3,47.16
synthetic,cafe,3,36.5
synthetic,cafe,3,49.14
synthetic,cafe,3,46.07
synthetic,cafe,3,39.14
synthetic,cafe,3,42.14
synthetic,cafe,3,39.39
synthetic,cafe,3,40.74
synthetic,cafe,3,39.61
synthetic,cafe,3,39.78
synthetic,cafe,3,45.36
synthetic,cafe,3,31.37
synthetic,cafe,3,44.77
synthetic,cafe,3,33.27
synthetic,cafe,3,31.85
synthetic,cafe,3,37.79
synthetic,cafe,3,49.97
synthetic,cafe,3,37.06
synthetic,cafe,3,39.54
synthetic,cafe,3,40.7
synthetic,cafe,3,29.32
synthetic,cafe,3,41.86
synthetic,cafe,3,37.88
synthetic,cafe,3,33.87
synthetic,cafe,3,31.45
synthetic,cafe,3,31.71
synthetic,cafe,3,42.56
synthetic,cafe,3,34.59
synthetic,cafe,3,38.86
synthetic,cafe,3,40.01
synthetic,cafe,3,46.05
synthetic,cafe,3,43.21
synthetic,cafe,3,41.72
synthetic,cafe,3,33.11
synthetic,cafe,3,41.43
synthetic,cafe,3,36.28
synthetic,cafe,3,39.13
synthetic,cafe,3,47.63
synthetic,cafe,3,36.74
synthetic,cafe,3,33.68
synthetic,cafe,3,30.14
synthetic,cafe,3,43.94
synthetic,cafe,3,38.38
synthetic,cafe,3,32.23
synthetic,cafe,3,40.94
synthetic,cafe,3,40.79
synthetic,cafe,3,43.49
synthetic,cafe,3,39.51
synthetic,cafe,3,40.84
synthetic,cafe,3,45.45
synthetic,cafe,3,34.91
synthetic,cafe,3,39.74
synthetic,cafe,3,38.88
synthetic,cafe,3,51.23
synthetic,cafe,3,37.74
synthetic,cafe,3,38.41
synthetic,cafe,3,41.9
synthetic,cafe,3,38.63
synthetic,cafe,3,40.9
synthetic,cafe,3,35.09
synthetic,cafe,3,39.3
synthetic,cafe,3,47.71
synthetic,cafe,3,34.54
synthetic,cafe,3,35.24
synthetic,cafe,3,37.13
synthetic,cafe,3,36.93
synthetic,cafe,3,42.86
synthetic,cafe,3,35.41
synthetic,cafe,3,36.59
synthetic,cafe,3,42.83
synthetic,cafe,3,36.2
synthetic,cafe,3,42.28
synthetic,cafe,3,34.72
synthetic,cafe,3,41.78
synthetic,cafe,3,40.13
synthetic,cafe,3,34.0
synthetic,cafe,3,35.81
synthetic,cafe,3,41.79
synthetic,cafe,3,32.41
synthetic,cafe,3,43.36
synthetic,cafe,4,44.76
synthetic,cafe,4,35.48
synthetic,cafe,4,37.08
synthetic,cafe,4,39.7
synthetic,cafe,4,34.03
synthetic,cafe,4,42.42
synthetic,cafe,4,36.46
synthetic,cafe,4,37.75
synthetic,cafe,4,40.86
synthetic,cafe,4,42.52
synthetic,cafe,4,46.81
synthetic,cafe,4,38.79
synthetic,cafe,4,43.4
synthetic,cafe,4,46.74
synthetic,cafe,4,36.32
synthetic,cafe,4,43.19
synthetic,cafe,4,41.98
synthetic,cafe,4,44.8
synthetic,cafe,4,39.89
synthetic,cafe,4,39.36
synthetic,cafe,4,40.17
synthetic,cafe,4,43.81
synthetic,cafe,4,39.92
synthetic,cafe,4,40.79
synthetic,cafe,4,44.12
synthetic,cafe,4,31.62
synthetic,cafe,4,33.11
synthetic,cafe,4,35.33
synthetic,cafe,4,30.93
synthetic,cafe,4,44.05
synthetic,cafe,4,37.54
synthetic,cafe,4,37.95
synthetic,cafe,4,39.07
synthetic,cafe,4,37.87
synthetic,cafe,4,34.45
synthetic,cafe,4,38.87
synthetic,cafe,4,37.18
synthetic,cafe,4,31.93
synthetic,cafe,4,33.46
synthetic,cafe,4,41.36
synthetic,cafe,4,30.63
synthetic,cafe,4,38.5
synthetic,cafe,4,37.23
synthetic,cafe,4,39.92
synthetic,cafe,4,46.08
synthetic,cafe,4,38.73
synthetic,cafe,4,38.16
synthetic,cafe,4,40.36
synthetic,cafe,4,45.02
synthetic,cafe,4,47.03
synthetic,cafe,4,38.95
synthetic,cafe,4,38.18
synthetic,cafe,4,47.1
synthetic,cafe,4,36.75
synthetic,cafe,4,41.98
synthetic,cafe,4,43.81
synthetic,cafe,4,31.08
synthetic,cafe,4,39.61
synthetic,cafe,4,45.17
synthetic,cafe,4,35.87
synthetic,cafe,4,44.51
synthetic,cafe,4,39.21
synthetic,cafe,4,44.31
synthetic,cafe,4,39.13
synthetic,cafe,4,44.97
synthetic,cafe,4,35.58
synthetic,cafe,4,40.78
synthetic,cafe,4,45.12
synthetic,cafe,4,37.97
synthetic,cafe,4,41.57
synthetic,cafe,4,32.27
synthetic,cafe,4,43.65
synthetic,cafe,4,46.36
synthetic,cafe,4,41.48
synthetic,cafe,4,39.25
synthetic,cafe,4,34.54
synthetic,cafe,4,33.56
synthetic,cafe,4,37.45
synthetic,cafe,4,38.05
synthetic,cafe,4,37.43
synthetic,cafe,4,41.09
synthetic,cafe,4,46.05
synthetic,cafe,4,34.51
synthetic,cafe,4,47.58
synthetic,cafe,4,34.92
synthetic,cafe,4,33.67
synthetic,cafe,4,40.92
synthetic,cafe,4,42.16
synthetic,cafe,4,37.81
synthetic,cafe,4,41.48
synthetic,cafe,4,44.82
synthetic,cafe,4,38.78
synthetic,cafe,4,39.22
synthetic,cafe,4,37.42
synthetic,cafe,4,42.07
synthetic,cafe,4,40.85
synthetic,cafe,4,35.6
synthetic,cafe,4,38.64
synthetic,cafe,4,46.48
synthetic,cafe,4,41.35
synthetic,cafe,5,39.11
synthetic,cafe,5,34.25
synthetic,cafe,5,42.45
synthetic,cafe,5,44.47
synthetic,cafe,5,38.15
synthetic,cafe,5,37.09
synthetic,cafe,5,43.28
synthetic,cafe,5,33.47
synthetic,cafe,5,33.08
synthetic,cafe,5,43.85
synthetic,cafe,5,37.92
synthetic,cafe,5,41.53
synthetic,cafe,5,37.32
synthetic,cafe,5,38.51
synthetic,cafe,5,40.68
synthetic,cafe,5,43.76
synthetic,cafe,5,42.46
synthetic,cafe,5,44.75
synthetic,cafe,5,41.71
synthetic,cafe,5,49.59
synthetic,cafe,5,45.27
synthetic,cafe,5,46.79
synthetic,cafe,5,38.64
synthetic,cafe,5,46.16
synthetic,cafe,5,50.73
synthetic,cafe,5,40.59
synthetic,cafe,5,42.14
synthetic,cafe,5,37.55
synthetic,cafe,5,41.65
synthetic,cafe,5,43.34
synthetic,cafe,5,47.2
synthetic,cafe,5,40.84
synthetic,cafe,5,42.58
synthetic,cafe,5,34.61
synthetic,cafe,5,47.54
synthetic,cafe,5,50.67
synthetic,cafe,5,44.65
synthetic,cafe,5,46.71
synthetic,cafe,5,41.68
synthetic,cafe,5,37.32
synthetic,cafe,5,44.05
synthetic,cafe,5,44.35
synthetic,cafe,5,35.24
synthetic,cafe,5,47.94
synthetic,cafe,5,51.61
synthetic,cafe,5,40.58
synthetic,cafe,5,33.63
synthetic,cafe,5,39.97
synthetic,cafe,5,48.23
synthetic,cafe,5,38.44
synthetic,cafe,5,45.15
synthetic,cafe,5,46.86
synthetic,cafe,5,50.98
synthetic,cafe,5,38.81
synthetic,cafe,5,39.86
synthetic,cafe,5,37.21
synthetic,cafe,5,41.04
synthetic,cafe,5,42.78
synthetic,cafe,5,34.05
synthetic,cafe,5,43.1
synthetic,cafe,5,39.73
synthetic,cafe,5,48.28
synthetic,cafe,5,39.98
synthetic,cafe,5,34.12
synthetic,cafe,5,38.67
synthetic,cafe,5,35.85
synthetic,cafe,5,46.1
synthetic,cafe,5,53.77
synthetic,cafe,5,45.34
synthetic,cafe,5,38.43
synthetic,cafe,5,41.77
synthetic,cafe,5,44.58
synthetic,cafe,5,47.17
synthetic,cafe,5,37.1
synthetic,cafe,5,39.33
synthetic,cafe,5,42.99
synthetic,cafe,5,48.36
synthetic,cafe,5,43.29
synthetic,cafe,5,42.05
synthetic,cafe,5,46.27
synthetic,cafe,5,43.41
synthetic,cafe,5,41.96
synthetic,cafe,5,31.67
synthetic,cafe,5,49.99
synthetic,cafe,5,42.77
synthetic,cafe,5,43.61
synthetic,cafe,5,42.7
synthetic,cafe,5,49.01
synthetic,cafe,5,38.09
synthetic,cafe,5,40.1
synthetic,cafe,5,36.94
synthetic,cafe,5,37.91
synthetic,cafe,5,41.0
synthetic,cafe,5,43.5
synthetic,cafe,5,47.23
synthetic,cafe,5,35.44
synthetic,cafe,5,43.19
synthetic,cafe,5,53.28
synthetic,cafe,5,50.77
synthetic,cafe,5,52.4
synthetic,cafe,6,44.26
synthetic,cafe,6,47.51
synthetic,cafe,6,49.76
synthetic,cafe,6,38.37
synthetic,cafe,6,42.72
synthetic,cafe,6,33.79
synthetic,cafe,6,44.54
synthetic,cafe,6,43.12
synthetic,cafe,6,48.79
synthetic,cafe,6,37.04
synthetic,cafe,6,41.81
synthetic,cafe,6,40.92
synthetic,cafe,6,46.91
synthetic,cafe,6,48.56
synthetic,cafe,6,37.47
synthetic,cafe,6,43.66
synthetic,cafe,6,43.02
synthetic,cafe,6,29.56
synthetic,cafe,6,53.59
synthetic,cafe,6,47.94
synthetic,cafe,6,47.58
synthetic,cafe,6,39.12
synthetic,cafe,6,46.05
synthetic,cafe,6,39.93
synthetic,cafe,6,39.5
synthetic,cafe,6,41.13
synthetic,cafe,6,49.71
synthetic,cafe,6,46.8
synthetic,cafe,6,35.66
synthetic,cafe,6,47.04
synthetic,cafe,6,47.49
synthetic,cafe,6,41.9
synthetic,cafe,6,45.85
synthetic,cafe,6,41.93
synthetic,cafe,6,48.56
synthetic,cafe,6,50.13
synthetic,cafe,6,51.09
synthetic,cafe,6,39.85
synthetic,cafe,6,43.62
synthetic,cafe,6,51.37
synthetic,cafe,6,41.3
synthetic,cafe,6,43.01
synthetic,cafe,6,48.17
synthetic,cafe,6,42.56
synthetic,cafe,6,43.46
synthetic,cafe,6,51.39
synthetic,cafe,6,51.06
synthetic,cafe,6,43.34
synthetic,cafe,6,30.59
synthetic,cafe,6,39.57
synthetic,cafe,6,38.06
synthetic,cafe,6,39.01
synthetic,cafe,6,42.33
synthetic,cafe,6,54.83
synthetic,cafe,6,40.19
synthetic,cafe,6,45.89
synthetic,cafe,6,45.76
synthetic,cafe,6,46.44
synthetic,cafe,6,42.09
synthetic,cafe,6,44.09
synthetic,cafe,6,37.38
synthetic,cafe,6,43.99
synthetic,cafe,6,39.86
synthetic,cafe,6,45.54
synthetic,cafe,6,48.2
synthetic,cafe,6,44.07
synthetic,cafe,6,52.43
synthetic,cafe,6,53.92
synthetic,cafe,6,35.34
synthetic,cafe,6,45.48
synthetic,cafe,6,44.1
synthetic,cafe,6,43.94
synthetic,cafe,6,49.6
synthetic,cafe,6,49.72
synthetic,cafe,6,48.71
synthetic,cafe,6,36.58
synthetic,cafe,6,42.48
synthetic,cafe,6,39.62
synthetic,cafe,6,36.02
synthetic,cafe,6,43.64
synthetic,cafe,6,32.55
synthetic,cafe,6,36.85
synthetic,cafe,6,45.24
synthetic,cafe,6,46.69
synthetic,cafe,6,48.55
synthetic,cafe,6,38.38
synthetic,cafe,6,35.31
synthetic,cafe,6,48.69
synthetic,cafe,6,35.2
synthetic,cafe,6,49.89
synthetic,cafe,6,48.59
synthetic,cafe,6,47.2
synthetic,cafe,6,44.41
synthetic,cafe,6,46.07
synthetic,cafe,6,43.64
synthetic,cafe,6,55.12
synthetic,cafe,6,38.59
synthetic,cafe,6,44.6
synthetic,cafe,6,43.63
synthetic,cafe,6,42.35
